dataset,experiment,feature_count,retained_features,reference_feature_count,reference_features,target_test_accuracy,rmia_auc,rmia_best_accuracy,tpr_at_1pct_fpr,tpr_at_0_1pct_fpr,rmia_a,gamma,calibrated_a,baseline_rmia_auc,delta_rmia_auc,calibrated_rmia_auc,baseline_rmia_best_accuracy,delta_rmia_best_accuracy,calibrated_rmia_best_accuracy,baseline_tpr_at_1pct_fpr,delta_tpr_at_1pct_fpr,calibrated_tpr_at_1pct_fpr,baseline_tpr_at_0_1pct_fpr,delta_tpr_at_0_1pct_fpr,calibrated_tpr_at_0_1pct_fpr
ACSEmployment,all_features,16,"[""AGEP"", ""SCHL"", ""MAR"", ""RELP"", ""DIS"", ""ESP"", ""CIT"", ""MIG"", ""MIL"", ""ANC"", ""NATIVITY"", ""DEAR"", ""DEYE"", ""DREM"", ""SEX"", ""RAC1P""]",16,"[""AGEP"", ""SCHL"", ""MAR"", ""RELP"", ""DIS"", ""ESP"", ""CIT"", ""MIG"", ""MIL"", ""ANC"", ""NATIVITY"", ""DEAR"", ""DEYE"", ""DREM"", ""SEX"", ""RAC1P""]",0.7337,0.69188686,0.6377,0.0567,0.0143,0.1,2,0.1,0.69188686,0,0.69188686,0.6377,0,0.6377,0.0567,0,0.0567,0.0143,0,0.0143
ACSEmployment,label_parents,2,"[""AGEP"", ""MIL""]",2,"[""AGEP"", ""MIL""]",0.7582,0.500681335,0.5023,0.0005,0.0005,0.1,2,1,0.498644765,0.00203657,0.506605405,0.503,-0.0007,0.5048,0.0114,-0.0109,0.0116,0.0013,-0.0008,0.0019
ACSEmployment,markov_blanket,4,"[""AGEP"", ""DIS"", ""MIL"", ""NATIVITY""]",4,"[""AGEP"", ""DIS"", ""MIL"", ""NATIVITY""]",0.7812,0.50408052,0.505,0.0031,0.0017,0.1,2,1,0.500227075,0.003853445,0.51632267,0.50275,0.00225,0.50975,0.0123,-0.0092,0.0127,0.0008,0.0009,0.0027
ACSPublicCoverage,all_features,19,"[""AGEP"", ""SCHL"", ""MAR"", ""SEX"", ""DIS"", ""ESP"", ""CIT"", ""MIG"", ""MIL"", ""ANC"", ""NATIVITY"", ""DEAR"", ""DEYE"", ""DREM"", ""PINCP"", ""ESR"", ""ST"", ""FER"", ""RAC1P""]",19,"[""AGEP"", ""SCHL"", ""MAR"", ""SEX"", ""DIS"", ""ESP"", ""CIT"", ""MIG"", ""MIL"", ""ANC"", ""NATIVITY"", ""DEAR"", ""DEYE"", ""DREM"", ""PINCP"", ""ESR"", ""ST"", ""FER"", ""RAC1P""]",0.6417,0.729444915,0.67475,0.0463,0.009,0.1,2,0.1,0.729444915,0,0.729444915,0.67475,0,0.67475,0.0463,0,0.0463,0.009,0,0.009
ACSPublicCoverage,label_parents,2,"[""DIS"", ""ESR""]",2,"[""DIS"", ""ESR""]",0.6731,0.5,0.5,0,0,0.1,2,0,0.502769005,-0.002769005,0.5,0.50435,-0.00435,0.5,0.0106,-0.0106,0,0.0003,-0.0003,0
ACSPublicCoverage,markov_blanket,3,"[""DIS"", ""PINCP"", ""ESR""]",3,"[""DIS"", ""PINCP"", ""ESR""]",0.679,0.50560958,0.50605,0.0035,0.0008,0.1,2,1,0.504924665,0.000684915,0.509587885,0.5054,0.00065,0.50665,0.0099,-0.0064,0.0089,0.0013,-0.0005,0.0016
ACSMobility,all_features,21,"[""AGEP"", ""SCHL"", ""MAR"", ""SEX"", ""DIS"", ""ESP"", ""CIT"", ""MIL"", ""ANC"", ""NATIVITY"", ""RELP"", ""DEAR"", ""DEYE"", ""DREM"", ""RAC1P"", ""GCL"", ""COW"", ""ESR"", ""WKHP"", ""JWMNP"", ""PINCP""]",21,"[""AGEP"", ""SCHL"", ""MAR"", ""SEX"", ""DIS"", ""ESP"", ""CIT"", ""MIL"", ""ANC"", ""NATIVITY"", ""RELP"", ""DEAR"", ""DEYE"", ""DREM"", ""RAC1P"", ""GCL"", ""COW"", ""ESR"", ""WKHP"", ""JWMNP"", ""PINCP""]",0.7207,0.717598925,0.6568,0.0663,0.019,0,2,0,0.717598925,0,0.717598925,0.6568,0,0.6568,0.0663,0,0.0663,0.019,0,0.019
ACSMobility,label_parents,1,"[""RELP""]",1,"[""RELP""]",0.7715,0.5,0.5,0,0,0,2,0,0.500486005,-0.000486005,0.5,0.5058,-0.0058,0.5,0.0109,-0.0109,0,0.0014,-0.0014,0
ACSMobility,markov_blanket,1,"[""RELP""]",1,"[""RELP""]",0.7715,0.5,0.5,0,0,0,2,0,0.500486005,-0.000486005,0.5,0.5058,-0.0058,0.5,0.0109,-0.0109,0,0.0014,-0.0014,0
ACSIncome,all_features,10,"[""AGEP"", ""COW"", ""SCHL"", ""MAR"", ""OCCP"", ""POBP"", ""RELP"", ""WKHP"", ""SEX"", ""RAC1P""]",10,"[""AGEP"", ""COW"", ""SCHL"", ""MAR"", ""OCCP"", ""POBP"", ""RELP"", ""WKHP"", ""SEX"", ""RAC1P""]",0.7644,0.69252242,0.6338,0.0604,0.0155,0,2,0,0.69252242,0,0.69252242,0.6338,0,0.6338,0.0604,0,0.0604,0.0155,0,0.0155
ACSIncome,label_parents,1,"[""SCHL""]",1,"[""SCHL""]",0.705,0.4994182,0.50105,0,0,0,2,0.4,0.500013525,-0.000595325,0.50388331,0.50335,-0.0023,0.5025,0.0129,-0.0129,0,0.0021,-0.0021,0
ACSIncome,markov_blanket,6,"[""AGEP"", ""SCHL"", ""MAR"", ""RELP"", ""WKHP"", ""RAC1P""]",6,"[""AGEP"", ""SCHL"", ""MAR"", ""RELP"", ""WKHP"", ""RAC1P""]",0.7515,0.600448235,0.56805,0.0379,0.0093,0,2,0.5,0.59412558,0.006322655,0.609890205,0.5644,0.00365,0.57145,0.0285,0.0094,0.0375,0.0059,0.0034,0.0098
ACSTravelTime,all_features,16,"[""AGEP"", ""SCHL"", ""MAR"", ""SEX"", ""DIS"", ""ESP"", ""MIG"", ""RELP"", ""RAC1P"", ""PUMA"", ""ST"", ""CIT"", ""OCCP"", ""JWTR"", ""POWPUMA"", ""POVPIP""]",16,"[""AGEP"", ""SCHL"", ""MAR"", ""SEX"", ""DIS"", ""ESP"", ""MIG"", ""RELP"", ""RAC1P"", ""PUMA"", ""ST"", ""CIT"", ""OCCP"", ""JWTR"", ""POWPUMA"", ""POVPIP""]",0.6076,0.764087905,0.72035,0.042,0.0072,0,2,0,0.764087905,0,0.764087905,0.72035,0,0.72035,0.042,0,0.042,0.0072,0,0.0072
ACSTravelTime,label_parents,1,"[""JWTR""]",1,"[""JWTR""]",0.5597,0.50025093,0.50025,0,0,0,2,0.9,0.494451425,0.005799505,0.50015004,0.50125,-0.001,0.50015,0.0089,-0.0089,0,0.0009,-0.0009,0
ACSTravelTime,markov_blanket,4,"[""AGEP"", ""MAR"", ""SEX"", ""JWTR""]",4,"[""AGEP"", ""MAR"", ""SEX"", ""JWTR""]",0.5975,0.5222892,0.51695,0.0164,0.003,0,2,0.8,0.509464415,0.012824785,0.52413582,0.50775,0.0092,0.5177,0.015,0.0014,0.0178,0.003,0,0.0023
half-a-million-lifestyle,all_features,25,"[""Gender"", ""Age"", ""Annual Vacation Days"", ""Average Monthly Spend on Entertainment"", ""Number of Online Purchases in Last Month"", ""Number of Charity Donations in Last Year"", ""Average Weekly Exercise Hours"", ""Investment Portfolio Value"", ""Health Consciousness Rating"", ""Education Level"", ""Average Daily Screen Time"", ""Environmental Awareness Rating"", ""Social Media Influence Score"", ""Risk Tolerance in Investments"", ""Number of Professional Trainings Attended"", ""Tech-Savviness Score"", ""Financial Wellness Index"", ""Lifestyle Balance Score"", ""Entertainment Engagement Factor"", ""Social Responsibility Index"", ""Work-Life Balance Indicator"", ""Investment Risk Appetite"", ""Eco-Consciousness Metric"", ""Stress Management Score"", ""Time Management Skill""]",25,"[""Gender"", ""Age"", ""Annual Vacation Days"", ""Average Monthly Spend on Entertainment"", ""Number of Online Purchases in Last Month"", ""Number of Charity Donations in Last Year"", ""Average Weekly Exercise Hours"", ""Investment Portfolio Value"", ""Health Consciousness Rating"", ""Education Level"", ""Average Daily Screen Time"", ""Environmental Awareness Rating"", ""Social Media Influence Score"", ""Risk Tolerance in Investments"", ""Number of Professional Trainings Attended"", ""Tech-Savviness Score"", ""Financial Wellness Index"", ""Lifestyle Balance Score"", ""Entertainment Engagement Factor"", ""Social Responsibility Index"", ""Work-Life Balance Indicator"", ""Investment Risk Appetite"", ""Eco-Consciousness Metric"", ""Stress Management Score"", ""Time Management Skill""]",0.6622,0.791346675,0.7107,0.134,0.0387,0,2,0,0.791346675,0,0.791346675,0.7107,0,0.7107,0.134,0,0.134,0.0387,0,0.0387
half-a-million-lifestyle,label_parents,1,"[""Investment Portfolio Value""]",1,"[""Investment Portfolio Value""]",0.2222,0.502230485,0.5023,0,0,0,2,1,0.50666773,-0.004437245,0.521071715,0.50895,-0.00665,0.5158,0.0084,-0.0084,0.0137,0.0014,-0.0014,0.0018
half-a-million-lifestyle,markov_blanket,13,"[""Average Monthly Spend on Entertainment"", ""Number of Online Purchases in Last Month"", ""Number of Charity Donations in Last Year"", ""Average Weekly Exercise Hours"", ""Investment Portfolio Value"", ""Average Daily Screen Time"", ""Environmental Awareness Rating"", ""Social Media Influence Score"", ""Risk Tolerance in Investments"", ""Tech-Savviness Score"", ""Financial Wellness Index"", ""Entertainment Engagement Factor"", ""Investment Risk Appetite""]",13,"[""Average Monthly Spend on Entertainment"", ""Number of Online Purchases in Last Month"", ""Number of Charity Donations in Last Year"", ""Average Weekly Exercise Hours"", ""Investment Portfolio Value"", ""Average Daily Screen Time"", ""Environmental Awareness Rating"", ""Social Media Influence Score"", ""Risk Tolerance in Investments"", ""Tech-Savviness Score"", ""Financial Wellness Index"", ""Entertainment Engagement Factor"", ""Investment Risk Appetite""]",0.6368,0.697884655,0.6332,0.0645,0.0145,0,2,0.4,0.689132975,0.00875168,0.7040792,0.6313,0.0019,0.63775,0.0509,0.0136,0.0682,0.0106,0.0039,0.0124
covertype,all_features,54,"[""Elevation"", ""Aspect"", ""Slope"", ""Horizontal_Distance_To_Hydrology"", ""Vertical_Distance_To_Hydrology"", ""Horizontal_Distance_To_Roadways"", ""Hillshade_9am"", ""Hillshade_Noon"", ""Hillshade_3pm"", ""Horizontal_Distance_To_Fire_Points"", ""Wilderness_Area_1"", ""Wilderness_Area_2"", ""Wilderness_Area_3"", ""Wilderness_Area_4"", ""Soil_Type_1"", ""Soil_Type_2"", ""Soil_Type_3"", ""Soil_Type_4"", ""Soil_Type_5"", ""Soil_Type_6"", ""Soil_Type_7"", ""Soil_Type_8"", ""Soil_Type_9"", ""Soil_Type_10"", ""Soil_Type_11"", ""Soil_Type_12"", ""Soil_Type_13"", ""Soil_Type_14"", ""Soil_Type_15"", ""Soil_Type_16"", ""Soil_Type_17"", ""Soil_Type_18"", ""Soil_Type_19"", ""Soil_Type_20"", ""Soil_Type_21"", ""Soil_Type_22"", ""Soil_Type_23"", ""Soil_Type_24"", ""Soil_Type_25"", ""Soil_Type_26"", ""Soil_Type_27"", ""Soil_Type_28"", ""Soil_Type_29"", ""Soil_Type_30"", ""Soil_Type_31"", ""Soil_Type_32"", ""Soil_Type_33"", ""Soil_Type_34"", ""Soil_Type_35"", ""Soil_Type_36"", ""Soil_Type_37"", ""Soil_Type_38"", ""Soil_Type_39"", ""Soil_Type_40""]",54,"[""Elevation"", ""Aspect"", ""Slope"", ""Horizontal_Distance_To_Hydrology"", ""Vertical_Distance_To_Hydrology"", ""Horizontal_Distance_To_Roadways"", ""Hillshade_9am"", ""Hillshade_Noon"", ""Hillshade_3pm"", ""Horizontal_Distance_To_Fire_Points"", ""Wilderness_Area_1"", ""Wilderness_Area_2"", ""Wilderness_Area_3"", ""Wilderness_Area_4"", ""Soil_Type_1"", ""Soil_Type_2"", ""Soil_Type_3"", ""Soil_Type_4"", ""Soil_Type_5"", ""Soil_Type_6"", ""Soil_Type_7"", ""Soil_Type_8"", ""Soil_Type_9"", ""Soil_Type_10"", ""Soil_Type_11"", ""Soil_Type_12"", ""Soil_Type_13"", ""Soil_Type_14"", ""Soil_Type_15"", ""Soil_Type_16"", ""Soil_Type_17"", ""Soil_Type_18"", ""Soil_Type_19"", ""Soil_Type_20"", ""Soil_Type_21"", ""Soil_Type_22"", ""Soil_Type_23"", ""Soil_Type_24"", ""Soil_Type_25"", ""Soil_Type_26"", ""Soil_Type_27"", ""Soil_Type_28"", ""Soil_Type_29"", ""Soil_Type_30"", ""Soil_Type_31"", ""Soil_Type_32"", ""Soil_Type_33"", ""Soil_Type_34"", ""Soil_Type_35"", ""Soil_Type_36"", ""Soil_Type_37"", ""Soil_Type_38"", ""Soil_Type_39"", ""Soil_Type_40""]",0.7894,0.6101207,0.57255,0.0274,0.0047,0.6,2,0.6,0.6101207,0,0.6101207,0.57255,0,0.57255,0.0274,0,0.0274,0.0047,0,0.0047
covertype,label_parents,1,"[""Soil_Type_4""]",1,"[""Soil_Type_4""]",0.4951,0.5,0.5,0,0,0.6,2,0,0.49759579,0.00240421,0.5,0.50155,-0.00155,0.5,0.0092,-0.0092,0,0.0014,-0.0014,0
covertype,markov_blanket,10,"[""Elevation"", ""Wilderness_Area_3"", ""Wilderness_Area_4"", ""Soil_Type_2"", ""Soil_Type_3"", ""Soil_Type_4"", ""Soil_Type_10"", ""Soil_Type_22"", ""Soil_Type_23"", ""Soil_Type_29""]",10,"[""Elevation"", ""Wilderness_Area_3"", ""Wilderness_Area_4"", ""Soil_Type_2"", ""Soil_Type_3"", ""Soil_Type_4"", ""Soil_Type_10"", ""Soil_Type_22"", ""Soil_Type_23"", ""Soil_Type_29""]",0.7067,0.506111275,0.50615,0.0117,0.0007,0.6,2,1,0.50450114,0.001610135,0.522981195,0.5066,-0.00045,0.5179,0.0093,0.0024,0.0146,0.0008,-0.0001,0.0025
