dataset,experiment,feature_count,retained_features,target_train_accuracy,target_test_accuracy,rmia_auc,rmia_best_accuracy,tpr_at_1pct_fpr,tpr_at_0_1pct_fpr,rmia_a,gamma,reference_count,seed,epochs,distribution,result_origin,status,attack_mode,selection_seed,markov_blanket_count,remaining_feature_count,reason
ACSEmployment,all_features,16,"[""AGEP"", ""SCHL"", ""MAR"", ""RELP"", ""DIS"", ""ESP"", ""CIT"", ""MIG"", ""MIL"", ""ANC"", ""NATIVITY"", ""DEAR"", ""DEYE"", ""DREM"", ""SEX"", ""RAC1P""]",0.983,0.7337,0.6918868600000001,0.6377,0.0567,0.0143,0.1,2.0,8,42,100,same_state_year,existing_non_adaptive,completed,non_adaptive,,4,12,
ACSEmployment,label_parents,2,"[""AGEP"", ""MIL""]",0.7515,0.7582,0.498644765,0.503,0.0114,0.0013,0.1,2.0,8,42,100,same_state_year,existing_non_adaptive,completed,non_adaptive,,4,12,
ACSEmployment,markov_blanket,4,"[""AGEP"", ""DIS"", ""MIL"", ""NATIVITY""]",0.7781,0.7812,0.500227075,0.50275,0.0123,0.0008,0.1,2.0,8,42,100,same_state_year,existing_non_adaptive,completed,non_adaptive,,4,12,
ACSEmployment,random_selection,4,"[""SCHL"", ""MIG"", ""ANC"", ""NATIVITY""]",0.6401,0.6301,0.51348995,0.5104,0.0129,0.0026,0.1,2.0,8,42,100,same_state_year,new_experiment,completed,non_adaptive,42.0,4,12,
ACSPublicCoverage,all_features,19,"[""AGEP"", ""SCHL"", ""MAR"", ""SEX"", ""DIS"", ""ESP"", ""CIT"", ""MIG"", ""MIL"", ""ANC"", ""NATIVITY"", ""DEAR"", ""DEYE"", ""DREM"", ""PINCP"", ""ESR"", ""ST"", ""FER"", ""RAC1P""]",0.9666,0.6417,0.7294449150000001,0.67475,0.0463,0.009,0.1,2.0,8,42,100,same_state_year,existing_non_adaptive,completed,non_adaptive,,3,16,
ACSPublicCoverage,label_parents,2,"[""DIS"", ""ESR""]",0.6773,0.6731,0.502769005,0.50435,0.0106,0.0003,0.1,2.0,8,42,100,same_state_year,existing_non_adaptive,completed,non_adaptive,,3,16,
ACSPublicCoverage,markov_blanket,3,"[""DIS"", ""PINCP"", ""ESR""]",0.6849,0.679,0.504924665,0.5054,0.0099,0.0013,0.1,2.0,8,42,100,same_state_year,existing_non_adaptive,completed,non_adaptive,,3,16,
ACSPublicCoverage,random_selection,3,"[""SCHL"", ""DEYE"", ""DREM""]",0.6645,0.6567,0.506059025,0.5065,0.0112,0.0017,0.1,2.0,8,42,100,same_state_year,new_experiment,completed,non_adaptive,42.0,3,16,
ACSMobility,all_features,21,"[""AGEP"", ""SCHL"", ""MAR"", ""SEX"", ""DIS"", ""ESP"", ""CIT"", ""MIL"", ""ANC"", ""NATIVITY"", ""RELP"", ""DEAR"", ""DEYE"", ""DREM"", ""RAC1P"", ""GCL"", ""COW"", ""ESR"", ""WKHP"", ""JWMNP"", ""PINCP""]",0.9926,0.7207,0.717598925,0.6568,0.0663,0.019,0.0,2.0,8,42,100,same_state_year,existing_non_adaptive,completed,non_adaptive,,1,20,
ACSMobility,label_parents,1,"[""RELP""]",0.775,0.7715,0.5004860050000001,0.5058,0.0109,0.0014,0.0,2.0,8,42,100,same_state_year,existing_non_adaptive,completed,non_adaptive,,1,20,
ACSMobility,markov_blanket,1,"[""RELP""]",0.775,0.7715,0.5004860050000001,0.5058,0.0109,0.0014,0.0,2.0,8,42,100,same_state_year,existing_non_adaptive,completed,non_adaptive,,1,20,
ACSMobility,random_selection,1,"[""SCHL""]",0.7733,0.7718,0.5025353749999999,0.50525,0.0093,0.0009,0.0,2.0,8,42,100,same_state_year,new_experiment,completed,non_adaptive,42.0,1,20,
ACSIncome,all_features,10,"[""AGEP"", ""COW"", ""SCHL"", ""MAR"", ""OCCP"", ""POBP"", ""RELP"", ""WKHP"", ""SEX"", ""RAC1P""]",0.9991,0.7644,0.6925224199999999,0.6338,0.0604,0.0155,0.0,2.0,8,42,100,same_state_year,existing_non_adaptive,completed,non_adaptive,,6,4,
ACSIncome,label_parents,1,"[""SCHL""]",0.7044,0.705,0.500013525,0.50335,0.0129,0.0021,0.0,2.0,8,42,100,same_state_year,existing_non_adaptive,completed,non_adaptive,,6,4,
ACSIncome,markov_blanket,6,"[""AGEP"", ""SCHL"", ""MAR"", ""RELP"", ""WKHP"", ""RAC1P""]",0.868,0.7515,0.59412558,0.5644,0.0285,0.0059,0.0,2.0,8,42,100,same_state_year,existing_non_adaptive,completed,non_adaptive,,6,4,
ACSIncome,random_selection,6,"[""AGEP"", ""MAR"", ""OCCP"", ""RELP"", ""SEX"", ""RAC1P""]",0.9576,0.7306,0.668867425,0.6172,0.0427,0.0093,0.0,2.0,8,42,100,same_state_year,new_experiment,completed,non_adaptive,42.0,6,4,
ACSTravelTime,all_features,16,"[""AGEP"", ""SCHL"", ""MAR"", ""SEX"", ""DIS"", ""ESP"", ""MIG"", ""RELP"", ""RAC1P"", ""PUMA"", ""ST"", ""CIT"", ""OCCP"", ""JWTR"", ""POWPUMA"", ""POVPIP""]",0.9979,0.6076,0.764087905,0.72035,0.042,0.0072,0.0,2.0,8,42,100,same_state_year,existing_non_adaptive,completed,non_adaptive,,4,12,
ACSTravelTime,label_parents,1,"[""JWTR""]",0.5765,0.5597,0.494451425,0.50125,0.0089,0.0009,0.0,2.0,8,42,100,same_state_year,existing_non_adaptive,completed,non_adaptive,,4,12,
ACSTravelTime,markov_blanket,4,"[""AGEP"", ""MAR"", ""SEX"", ""JWTR""]",0.6227,0.5975,0.5094644150000001,0.50775,0.015,0.003,0.0,2.0,8,42,100,same_state_year,existing_non_adaptive,completed,non_adaptive,,4,12,
ACSTravelTime,random_selection,4,"[""SCHL"", ""RELP"", ""PUMA"", ""ST""]",0.8242,0.5409,0.68982358,0.6455,0.0251,0.0032,0.0,2.0,8,42,100,same_state_year,new_experiment,completed,non_adaptive,42.0,4,12,
half-a-million-lifestyle,all_features,25,"[""Gender"", ""Age"", ""Annual Vacation Days"", ""Average Monthly Spend on Entertainment"", ""Number of Online Purchases in Last Month"", ""Number of Charity Donations in Last Year"", ""Average Weekly Exercise Hours"", ""Investment Portfolio Value"", ""Health Consciousness Rating"", ""Education Level"", ""Average Daily Screen Time"", ""Environmental Awareness Rating"", ""Social Media Influence Score"", ""Risk Tolerance in Investments"", ""Number of Professional Trainings Attended"", ""Tech-Savviness Score"", ""Financial Wellness Index"", ""Lifestyle Balance Score"", ""Entertainment Engagement Factor"", ""Social Responsibility Index"", ""Work-Life Balance Indicator"", ""Investment Risk Appetite"", ""Eco-Consciousness Metric"", ""Stress Management Score"", ""Time Management Skill""]",1.0,0.6622,0.791346675,0.7107,0.134,0.0387,0.0,2.0,8,42,100,same_source,existing_non_adaptive,completed,non_adaptive,,13,12,
half-a-million-lifestyle,label_parents,1,"[""Investment Portfolio Value""]",0.226,0.2222,0.50666773,0.50895,0.0084,0.0014,0.0,2.0,8,42,100,same_source,existing_non_adaptive,completed,non_adaptive,,13,12,
half-a-million-lifestyle,markov_blanket,13,"[""Average Monthly Spend on Entertainment"", ""Number of Online Purchases in Last Month"", ""Number of Charity Donations in Last Year"", ""Average Weekly Exercise Hours"", ""Investment Portfolio Value"", ""Average Daily Screen Time"", ""Environmental Awareness Rating"", ""Social Media Influence Score"", ""Risk Tolerance in Investments"", ""Tech-Savviness Score"", ""Financial Wellness Index"", ""Entertainment Engagement Factor"", ""Investment Risk Appetite""]",0.8887,0.6368,0.689132975,0.6313,0.0509,0.0106,0.0,2.0,8,42,100,same_source,existing_non_adaptive,completed,non_adaptive,,13,12,
half-a-million-lifestyle,random_selection,13,"[""Age"", ""Annual Vacation Days"", ""Number of Online Purchases in Last Month"", ""Investment Portfolio Value"", ""Education Level"", ""Average Daily Screen Time"", ""Social Media Influence Score"", ""Risk Tolerance in Investments"", ""Tech-Savviness Score"", ""Financial Wellness Index"", ""Entertainment Engagement Factor"", ""Stress Management Score"", ""Time Management Skill""]",0.9311,0.5626,0.75285271,0.69345,0.0648,0.0073,0.0,2.0,8,42,100,same_source,new_experiment,completed,non_adaptive,42.0,13,12,
covertype,all_features,54,"[""Elevation"", ""Aspect"", ""Slope"", ""Horizontal_Distance_To_Hydrology"", ""Vertical_Distance_To_Hydrology"", ""Horizontal_Distance_To_Roadways"", ""Hillshade_9am"", ""Hillshade_Noon"", ""Hillshade_3pm"", ""Horizontal_Distance_To_Fire_Points"", ""Wilderness_Area_1"", ""Wilderness_Area_2"", ""Wilderness_Area_3"", ""Wilderness_Area_4"", ""Soil_Type_1"", ""Soil_Type_2"", ""Soil_Type_3"", ""Soil_Type_4"", ""Soil_Type_5"", ""Soil_Type_6"", ""Soil_Type_7"", ""Soil_Type_8"", ""Soil_Type_9"", ""Soil_Type_10"", ""Soil_Type_11"", ""Soil_Type_12"", ""Soil_Type_13"", ""Soil_Type_14"", ""Soil_Type_15"", ""Soil_Type_16"", ""Soil_Type_17"", ""Soil_Type_18"", ""Soil_Type_19"", ""Soil_Type_20"", ""Soil_Type_21"", ""Soil_Type_22"", ""Soil_Type_23"", ""Soil_Type_24"", ""Soil_Type_25"", ""Soil_Type_26"", ""Soil_Type_27"", ""Soil_Type_28"", ""Soil_Type_29"", ""Soil_Type_30"", ""Soil_Type_31"", ""Soil_Type_32"", ""Soil_Type_33"", ""Soil_Type_34"", ""Soil_Type_35"", ""Soil_Type_36"", ""Soil_Type_37"", ""Soil_Type_38"", ""Soil_Type_39"", ""Soil_Type_40""]",0.9071,0.7894,0.6101207,0.57255,0.0274,0.0047,0.6000000000000001,2.0,8,42,100,same_source,existing_non_adaptive,completed,non_adaptive,,10,44,
covertype,label_parents,1,"[""Soil_Type_4""]",0.4915,0.4951,0.49759579,0.50155,0.0092,0.0014,0.6000000000000001,2.0,8,42,100,same_source,existing_non_adaptive,completed,non_adaptive,,10,44,
covertype,markov_blanket,10,"[""Elevation"", ""Wilderness_Area_3"", ""Wilderness_Area_4"", ""Soil_Type_2"", ""Soil_Type_3"", ""Soil_Type_4"", ""Soil_Type_10"", ""Soil_Type_22"", ""Soil_Type_23"", ""Soil_Type_29""]",0.7018,0.7067,0.50450114,0.5066,0.0093,0.0008,0.6000000000000001,2.0,8,42,100,same_source,existing_non_adaptive,completed,non_adaptive,,10,44,
covertype,random_selection,10,"[""Vertical_Distance_To_Hydrology"", ""Horizontal_Distance_To_Roadways"", ""Wilderness_Area_1"", ""Soil_Type_8"", ""Soil_Type_17"", ""Soil_Type_22"", ""Soil_Type_23"", ""Soil_Type_29"", ""Soil_Type_35"", ""Soil_Type_37""]",0.5802,0.5758,0.5072787,0.5091,0.0109,0.0006,0.6000000000000001,2.0,8,42,100,same_source,new_experiment,completed,non_adaptive,42.0,10,44,
