dataset,experiment,attack,adaptive,score,feature_count,retained_features,member_count,nonmember_count,attack_auc,tpr_at_1pct_fpr,tpr_at_0_1pct_fpr,member_mean_loss,nonmember_mean_loss,target_train_accuracy,target_test_accuracy,seed,epochs,data_sha256,graph_sha256,model_sha256
ACSEmployment,all_features,loss,FALSE,negative_cross_entropy,16,"[""AGEP"", ""SCHL"", ""MAR"", ""RELP"", ""DIS"", ""ESP"", ""CIT"", ""MIG"", ""MIL"", ""ANC"", ""NATIVITY"", ""DEAR"", ""DEYE"", ""DREM"", ""SEX"", ""RAC1P""]",10000,10000,0.63040485,0,0,0.041366023,2.168096206,0.983,0.7337,42,100,2f954bd9ef2323bce40800c15f9f4acbc72737cdf8fe3f8c998fad6423e47fd2,30866f6dc38145b94193ec6893ee8432d4de683e7f79d6bb310e88170cc5cf0e,ad1fdadf4b5c7359e8f6d6d8ad38e23307e22b8d33d7ef1cccfe0400b4162190
ACSEmployment,label_parents,loss,FALSE,negative_cross_entropy,2,"[""AGEP"", ""MIL""]",10000,10000,0.49985642,0.0084,0.0009,0.489460528,0.489620663,0.7515,0.7582,42,100,2f954bd9ef2323bce40800c15f9f4acbc72737cdf8fe3f8c998fad6423e47fd2,30866f6dc38145b94193ec6893ee8432d4de683e7f79d6bb310e88170cc5cf0e,e307bce8c596f69b0824e54edd722da69473b60fba65d847ad9d367781efc861
ACSEmployment,markov_blanket,loss,FALSE,negative_cross_entropy,4,"[""AGEP"", ""DIS"", ""MIL"", ""NATIVITY""]",10000,10000,0.50270054,0.01,0.0015,0.464725964,0.467235634,0.7781,0.7812,42,100,2f954bd9ef2323bce40800c15f9f4acbc72737cdf8fe3f8c998fad6423e47fd2,30866f6dc38145b94193ec6893ee8432d4de683e7f79d6bb310e88170cc5cf0e,f979a3bffc340ad36bdcea51a701c5601e6b392f7ac3cf96aaea2ce2984b2b66
ACSPublicCoverage,all_features,loss,FALSE,negative_cross_entropy,19,"[""AGEP"", ""SCHL"", ""MAR"", ""SEX"", ""DIS"", ""ESP"", ""CIT"", ""MIG"", ""MIL"", ""ANC"", ""NATIVITY"", ""DEAR"", ""DEYE"", ""DREM"", ""PINCP"", ""ESR"", ""ST"", ""FER"", ""RAC1P""]",10000,10000,0.704513945,0,0,0.076920021,2.724576306,0.9666,0.6417,42,100,52f9841cae2069eebc09356f8aeb42bc60d026fe999d25706b5651883904d9bc,b66703b9868ff97500a05ea67613490d9cd4573b36c5bc217c0a1bdb5ebcb3cc,771867326a2c4c5a814e72dae3925ca2f985bf16b392693d2291f1a6b9cfef1f
ACSPublicCoverage,label_parents,loss,FALSE,negative_cross_entropy,2,"[""DIS"", ""ESR""]",10000,10000,0.502770815,0.005,0,0.614225599,0.619097269,0.6773,0.6731,42,100,52f9841cae2069eebc09356f8aeb42bc60d026fe999d25706b5651883904d9bc,b66703b9868ff97500a05ea67613490d9cd4573b36c5bc217c0a1bdb5ebcb3cc,ae164bf0e66989a00c363d8480f4b741fe079c866a85de6565eb69c2e48ec55f
ACSPublicCoverage,markov_blanket,loss,FALSE,negative_cross_entropy,3,"[""DIS"", ""PINCP"", ""ESR""]",10000,10000,0.504661435,0.0096,0.0014,0.598542207,0.607171122,0.6849,0.679,42,100,52f9841cae2069eebc09356f8aeb42bc60d026fe999d25706b5651883904d9bc,b66703b9868ff97500a05ea67613490d9cd4573b36c5bc217c0a1bdb5ebcb3cc,fb3ce7eed2ffe008dcd7d1e3991f734d32b39f601255d97659902e417d915fc1
ACSMobility,all_features,loss,FALSE,negative_cross_entropy,21,"[""AGEP"", ""SCHL"", ""MAR"", ""SEX"", ""DIS"", ""ESP"", ""CIT"", ""MIL"", ""ANC"", ""NATIVITY"", ""RELP"", ""DEAR"", ""DEYE"", ""DREM"", ""RAC1P"", ""GCL"", ""COW"", ""ESR"", ""WKHP"", ""JWMNP"", ""PINCP""]",10000,10000,0.662419315,0,0,0.020584815,2.755550996,0.9926,0.7207,42,100,79fdb280e1ab285067b9b96e6a8c71f18a6065f7e5c04b9cae9442188cbd4f66,ad13820b04aa667c5586c9849fd96213334588197ed4b03de169eb5c94af7b5b,a794ffd29f43b398f07c394428757fc622a40386d0afc0792ecb35daa30b03c5
ACSMobility,label_parents,loss,FALSE,negative_cross_entropy,1,"[""RELP""]",10000,10000,0.50158284,0.0107,0.0002,0.484847384,0.499078891,0.775,0.7715,42,100,79fdb280e1ab285067b9b96e6a8c71f18a6065f7e5c04b9cae9442188cbd4f66,ad13820b04aa667c5586c9849fd96213334588197ed4b03de169eb5c94af7b5b,6c77cf286141fb2070d43176e412bc8bf46fdcbee58ef871d6e912d8fc317d58
ACSMobility,markov_blanket,loss,FALSE,negative_cross_entropy,1,"[""RELP""]",10000,10000,0.50158284,0.0107,0.0002,0.484847384,0.499078891,0.775,0.7715,42,100,79fdb280e1ab285067b9b96e6a8c71f18a6065f7e5c04b9cae9442188cbd4f66,ad13820b04aa667c5586c9849fd96213334588197ed4b03de169eb5c94af7b5b,293607048054c5c5f4106295ad1950f31cb06f1e50f762bc99d8352a6d027a59
ACSIncome,all_features,loss,FALSE,negative_cross_entropy,10,"[""AGEP"", ""COW"", ""SCHL"", ""MAR"", ""OCCP"", ""POBP"", ""RELP"", ""WKHP"", ""SEX"", ""RAC1P""]",10000,10000,0.643517295,0,0,0.001734898,2.450409052,0.9991,0.7644,42,100,48e1abd7e22584292773dc3a82ac1100c87d96132cb65e881c590dbd42c050fe,a455e28df8566061a8b3c2f9a3b98ffb64d85aec3b9a73c12cdab29e99850603,5c272c92662af5325b3aa6a1dd7287bbd8e2a0d17a8a8707294f2b2c5399ed45
ACSIncome,label_parents,loss,FALSE,negative_cross_entropy,1,"[""SCHL""]",10000,10000,0.496960875,0.0095,0.0006,0.584958737,0.585193431,0.7044,0.705,42,100,48e1abd7e22584292773dc3a82ac1100c87d96132cb65e881c590dbd42c050fe,a455e28df8566061a8b3c2f9a3b98ffb64d85aec3b9a73c12cdab29e99850603,6a94a08c74774aad4dfe8d8e81d7d3f30daa99ab91187bd79023158ea76b563c
ACSIncome,markov_blanket,loss,FALSE,negative_cross_entropy,6,"[""AGEP"", ""SCHL"", ""MAR"", ""RELP"", ""WKHP"", ""RAC1P""]",10000,10000,0.57243856,0,0,0.27261253,1.156823783,0.868,0.7515,42,100,48e1abd7e22584292773dc3a82ac1100c87d96132cb65e881c590dbd42c050fe,a455e28df8566061a8b3c2f9a3b98ffb64d85aec3b9a73c12cdab29e99850603,9dd61dcb7dad85d4a0a3db401cb64283a60fc60e32ed313d7a16ec6074535511
ACSTravelTime,all_features,loss,FALSE,negative_cross_entropy,16,"[""AGEP"", ""SCHL"", ""MAR"", ""SEX"", ""DIS"", ""ESP"", ""MIG"", ""RELP"", ""RAC1P"", ""PUMA"", ""ST"", ""CIT"", ""OCCP"", ""JWTR"", ""POWPUMA"", ""POVPIP""]",10000,10000,0.792462855,0,0,0.006293186,2.623506264,0.9979,0.6076,42,100,c4c9a4320d08b06fa477582d721878c7819b90cf20ac11ce6998596149b5f1eb,390fa2a9bb32ea7cf6ab769e2db7c47c67befd0afaf3f6d9cce71ab1ea48ebc5,d4da4af35927495dc1fbf114099f889c65ff50e18e172729f844b831b860076a
ACSTravelTime,label_parents,loss,FALSE,negative_cross_entropy,1,"[""JWTR""]",10000,10000,0.5078265,0,0,0.623222373,0.625708234,0.5765,0.5597,42,100,c4c9a4320d08b06fa477582d721878c7819b90cf20ac11ce6998596149b5f1eb,390fa2a9bb32ea7cf6ab769e2db7c47c67befd0afaf3f6d9cce71ab1ea48ebc5,3f32c9454329bc0b026e10bc89ec638939e7d9f154cab13f428da43b4bfb9390
ACSTravelTime,markov_blanket,loss,FALSE,negative_cross_entropy,4,"[""AGEP"", ""MAR"", ""SEX"", ""JWTR""]",10000,10000,0.51933176,0.0108,0,0.600664194,0.646185648,0.6227,0.5975,42,100,c4c9a4320d08b06fa477582d721878c7819b90cf20ac11ce6998596149b5f1eb,390fa2a9bb32ea7cf6ab769e2db7c47c67befd0afaf3f6d9cce71ab1ea48ebc5,cf172cb155f1ba5e5050243c13f258cddc53ca0c8e47ec0e0657bb6be9f27a0b
half-a-million-lifestyle,all_features,loss,FALSE,negative_cross_entropy,25,"[""Gender"", ""Age"", ""Annual Vacation Days"", ""Average Monthly Spend on Entertainment"", ""Number of Online Purchases in Last Month"", ""Number of Charity Donations in Last Year"", ""Average Weekly Exercise Hours"", ""Investment Portfolio Value"", ""Health Consciousness Rating"", ""Education Level"", ""Average Daily Screen Time"", ""Environmental Awareness Rating"", ""Social Media Influence Score"", ""Risk Tolerance in Investments"", ""Number of Professional Trainings Attended"", ""Tech-Savviness Score"", ""Financial Wellness Index"", ""Lifestyle Balance Score"", ""Entertainment Engagement Factor"", ""Social Responsibility Index"", ""Work-Life Balance Indicator"", ""Investment Risk Appetite"", ""Eco-Consciousness Metric"", ""Stress Management Score"", ""Time Management Skill""]",10000,10000,0.69396749,0.0114,0.001,0.011121919,2.033986247,1,0.6622,42,100,1d8562ae82072ef478271cf419a71a51daa0a785d4222014f27c3c17f1e776c9,4d037b19d7a203e6cb4d24aefe5f1b1c633997acf9399e81ac57b21a74b51f8b,42ec857caaae73625391888be23b224ca0207b47a2e830bdca67beb52d5fd3ed
half-a-million-lifestyle,label_parents,loss,FALSE,negative_cross_entropy,1,"[""Investment Portfolio Value""]",10000,10000,0.50871652,0.0104,0.0011,2.167045733,2.187611239,0.226,0.2222,42,100,1d8562ae82072ef478271cf419a71a51daa0a785d4222014f27c3c17f1e776c9,4d037b19d7a203e6cb4d24aefe5f1b1c633997acf9399e81ac57b21a74b51f8b,e23d434a82edb5538e557c5c546ba00b97b6cf720bec58c549c4a965cfc01c48
half-a-million-lifestyle,markov_blanket,loss,FALSE,negative_cross_entropy,13,"[""Average Monthly Spend on Entertainment"", ""Number of Online Purchases in Last Month"", ""Number of Charity Donations in Last Year"", ""Average Weekly Exercise Hours"", ""Investment Portfolio Value"", ""Average Daily Screen Time"", ""Environmental Awareness Rating"", ""Social Media Influence Score"", ""Risk Tolerance in Investments"", ""Tech-Savviness Score"", ""Financial Wellness Index"", ""Entertainment Engagement Factor"", ""Investment Risk Appetite""]",10000,10000,0.63504871,0.0125,0.0025,0.284438983,1.377650208,0.8887,0.6368,42,100,1d8562ae82072ef478271cf419a71a51daa0a785d4222014f27c3c17f1e776c9,4d037b19d7a203e6cb4d24aefe5f1b1c633997acf9399e81ac57b21a74b51f8b,88395ab15e753cd2803c62af953c15e7566bc3dc48634f39be2dbc47152d50f4
covertype,all_features,loss,FALSE,negative_cross_entropy,54,"[""Elevation"", ""Aspect"", ""Slope"", ""Horizontal_Distance_To_Hydrology"", ""Vertical_Distance_To_Hydrology"", ""Horizontal_Distance_To_Roadways"", ""Hillshade_9am"", ""Hillshade_Noon"", ""Hillshade_3pm"", ""Horizontal_Distance_To_Fire_Points"", ""Wilderness_Area_1"", ""Wilderness_Area_2"", ""Wilderness_Area_3"", ""Wilderness_Area_4"", ""Soil_Type_1"", ""Soil_Type_2"", ""Soil_Type_3"", ""Soil_Type_4"", ""Soil_Type_5"", ""Soil_Type_6"", ""Soil_Type_7"", ""Soil_Type_8"", ""Soil_Type_9"", ""Soil_Type_10"", ""Soil_Type_11"", ""Soil_Type_12"", ""Soil_Type_13"", ""Soil_Type_14"", ""Soil_Type_15"", ""Soil_Type_16"", ""Soil_Type_17"", ""Soil_Type_18"", ""Soil_Type_19"", ""Soil_Type_20"", ""Soil_Type_21"", ""Soil_Type_22"", ""Soil_Type_23"", ""Soil_Type_24"", ""Soil_Type_25"", ""Soil_Type_26"", ""Soil_Type_27"", ""Soil_Type_28"", ""Soil_Type_29"", ""Soil_Type_30"", ""Soil_Type_31"", ""Soil_Type_32"", ""Soil_Type_33"", ""Soil_Type_34"", ""Soil_Type_35"", ""Soil_Type_36"", ""Soil_Type_37"", ""Soil_Type_38"", ""Soil_Type_39"", ""Soil_Type_40""]",10000,10000,0.56157679,0.0125,0.0013,0.234518741,0.588613408,0.9071,0.7894,42,100,958585a2257d03dc85a195897699545c4ee95f59fde8de6e80df799636593c9c,1eb911dc6177b4be29c5c6aa0932c8ecfc0d43af70b3635b7b4e3d9bebd38b19,31aca93f4d59a98b553ac91e71c700b434a0391ed6137c4726e605c76ff76af3
covertype,label_parents,loss,FALSE,negative_cross_entropy,1,"[""Soil_Type_4""]",10000,10000,0.497488095,0,0,1.179485598,1.170160287,0.4915,0.4951,42,100,958585a2257d03dc85a195897699545c4ee95f59fde8de6e80df799636593c9c,1eb911dc6177b4be29c5c6aa0932c8ecfc0d43af70b3635b7b4e3d9bebd38b19,bb043f8ef9e5d91e9d186264f1635e46b831dbefbc930ffde4e9fd95b30f4dd9
covertype,markov_blanket,loss,FALSE,negative_cross_entropy,10,"[""Elevation"", ""Wilderness_Area_3"", ""Wilderness_Area_4"", ""Soil_Type_2"", ""Soil_Type_3"", ""Soil_Type_4"", ""Soil_Type_10"", ""Soil_Type_22"", ""Soil_Type_23"", ""Soil_Type_29""]",10000,10000,0.50073623,0.011,0.0011,0.670240786,0.68512989,0.7018,0.7067,42,100,958585a2257d03dc85a195897699545c4ee95f59fde8de6e80df799636593c9c,1eb911dc6177b4be29c5c6aa0932c8ecfc0d43af70b3635b7b4e3d9bebd38b19,a9865632a71ead3394bee10f58130a94188d8ee1c5857f90fce212a07331a267